program_id,recruitment,matching,engagement
22,"","",""
25,"","",""
26,"","",""
100,5221,"",""
343,"","",""
344,"","",""
381,"","",""
386,"","",""
394,"","",""
412,"","",""
415,"","",""
420,"","",""
434,"","",""
443,"","",""
451,"","",""
456,"","",""
457,"","",""
482,"","",""
487,"","",""
521,"","",""
526,"","",""
527,"","",""
535,"","",""
556,"","",""
558,"","",""
568,"","",""
599,"","",""
601,"","",""
607,"","",""
611,"","",""
612,"","",""
624,"","",""
669,"","",""
673,"","",""
674,"","",""
675,"","",""
676,"","",""
677,"","",""
678,"","",""
679,"","",""
680,"","",""
681,"","",""
682,"","",""
685,"","",""
686,"","",""
687,"","",""
700,8907,"",""
702,"","",""
703,"","",""
711,"","",""
715,"","",""
720,"","",""
723,"","",""
726,"","",""
728,"","",""
729,"","",""
736,"","",""
829,"","",""
831,"","",""
849,7004,6997,""
850,"","",""
873,"","",""
891,"","",""
898,7834,"",""
900,4506,"",""
908,"","",""
909,"","",""
912,"","",""
981,"","",""
993,7846,"",""
1005,"","",""
1027,"","",""
1036,"","",""
1059,"","",""
1060,"","",""
1064,6991,"",6988
1070,"","",""
1075,"","",""
1097,"","",""
1175,"","",""
1176,"","",""
1191,"","",""
1219,"","",""
1253,"","",""
1263,7012,"",7222
1275,"","",""
1279,"","",""
1280,"","",""
1299,8806|8807,"",""
1300,8804|8805,"",""
1356,7777|7778|7779|7780|7781,"",""
1367,8379|8361,"",""
1393,"","",""
1449,"","",""
1463,"","",""
1521,8887|10044|10045,"",""
1529,"","",""
1532,9000,"",""
1540,"","",""
1559,"","",""
1595,"","",9972|9973
1636,"","",""
1637,9832|9833|9834|9835,"",""
1638,9828|9829|9830|9831,"",""
